{
  "name": "mytab",
  "title": "MyTab",
  "description": "Change the title and the icon and standard mouse of your browsertab",
  "author": "Handyfon#8390",
  "authors": [],
  "url": "https://github.com/Handyfon/myTab/tree/master",
  "flags": {},
  "version": "0.4",
  "minimumCoreVersion": "9",
  "compatibleCoreVersion": "9",
  "scripts": [],
  "esmodules": [
    "mytab.js"
  ],
  "styles": [
    "cursors.css"
  ],
  "languages": [],
  "packs": [],
  "system": [],
  "dependencies": [],
  "socket": true,
  "manifest": "https://raw.githubusercontent.com/Handyfon/myTab/master/module.json",
  "download": "https://github.com/Handyfon/myTab/raw/master/mytab.zip",
  "protected": false,
  "coreTranslation": false,
  "library": false
}