{
	"name": "mytab",
	"title": "MyTab",
	"description": "Change the title and the icon of your foundry-browsertab,
	"version": "0.1",
	"author": "Handyfon#8390",
	"esmodules": ["mytab.js"],
	 "socket": true,
    "url": "https://github.com/Handyfon/mytab/tree/master",
    "manifest": "https://raw.githubusercontent.com/Handyfon/mytab/master/module.json",
    "download": "https://github.com/Handyfon/myTab/raw/master/mytab.zip",
	"minimumCoreVersion": "0.5.5",
	"compatibleCoreVersion": "0.5.7"
}